{
  "server/sources/events.js": 1777576727.8973777,
  "server/sources/volcanoes.ts": 1777576128.3640223,
  "server/sources/satellites.js": 1777576727.8956523,
  "server/sources/cables.ts": 1777576128.3635488,
  "server/sources/wildfires.ts": 1777576128.364311,
  "server/sources/weather.js": 1777576727.898746,
  "server/sources/ais.ts": 1777576128.3634932,
  "server/sources/aircraft.ts": 1777576128.363434,
  "server/sources/earthquakes.ts": 1777576128.3636003,
  "server/sources/lightning.ts": 1777576128.3638608,
  "server/sources/launches.ts": 1777576128.3638074,
  "server/sources/fireballs.ts": 1777663344.4305263,
  "server/sources/cables.js": 1777576727.902494,
  "server/sources/ships.ts": 1777576128.3639686,
  "server/sources/wildfires.js": 1777576727.9013581,
  "server/sources/weather.ts": 1777576128.3641548,
  "server/sources/events.ts": 1777576758.3036764,
  "server/sources/volcanoes.js": 1777576727.903112,
  "server/sources/satellites.ts": 1777666905.555797,
  "server/sources/launches.js": 1777576727.8963146,
  "server/sources/ais.js": 1777576727.8947754,
  "server/sources/aircraft.js": 1777576727.8904867,
  "server/sources/earthquakes.js": 1777576727.8980308,
  "server/sources/lightning.js": 1777576727.8993678,
  "server/services/store.js": 1777576727.8931184,
  "server/services/store.ts": 1777576128.3633459,
  "server/src/index.ts": 1777666905.5557966,
  "shared/entity.ts": 1777576128.3650503,
  "shared/entity.js": 1777576727.8859088,
  "client/vite.config.ts": 1777665949.419083,
  "client/src/App.tsx": 1777576128.360918,
  "client/src/main.tsx": 1777665949.4190922,
  "client/src/ui/EntityInfoPanel.tsx": 1777576128.3628545,
  "client/src/ui/AppUI.tsx": 1777666492.487517,
  "client/src/utils/icons.ts": 1777666382.081205,
  "client/src/components/layers/VolcanoLayer.tsx": 1777576128.3618052,
  "client/src/components/layers/WildfireLayer.tsx": 1777576128.3620527,
  "client/src/components/layers/EventLayer.tsx": 1777576128.3614416,
  "client/src/components/layers/AircraftLayer.tsx": 1777576128.3612487,
  "client/src/components/layers/EarthquakeLayer.tsx": 1777576128.3613744,
  "client/src/components/layers/WeatherLayer.tsx": 1777576128.3619838,
  "client/src/components/layers/LaunchLayer.tsx": 1777576128.361507,
  "client/src/components/layers/LayerManager.tsx": 1777576128.3615751,
  "client/src/components/layers/LightningLayer.tsx": 1777576128.3616414,
  "client/src/components/layers/CableLayer.tsx": 1777663344.4419332,
  "client/src/components/layers/SatelliteLayer.tsx": 1777576128.361699,
  "client/src/components/layers/useEntityLayer.ts": 1777665949.4280717,
  "client/src/components/layers/ShipLayer.tsx": 1777576128.3617504,
  "client/src/hooks/useWebSocket.ts": 1777576128.362324,
  "client/src/cesium/CesiumApp.tsx": 1777666382.0811486,
  "README.md": 1777663344.6182292
}